mean_amount,std_amount
90.82491944084795,250.50322155849088
